体系,部門,部署,url
情報統合本部,情報統合本部,基盤研究開発部門,https://www.riken.jp/research/labs/r-ih/infrastruct_res_dev_div/index.html
情報統合本部,情報統合本部,データ知識化開発ユニット,https://www.riken.jp/research/labs/r-ih/infrastruct_res_dev_div/data_knowl_org/index.html
情報統合本部,情報統合本部,データ管理システム開発ユニット,https://www.riken.jp/research/labs/r-ih/infrastruct_res_dev_div/data_mange_sys/index.html
情報統合本部,情報統合本部,生命科学データ共有開発ユニット,https://www.riken.jp/research/labs/r-ih/infrastruct_res_dev_div/life_sci_data_share/index.html
情報統合本部,情報統合本部,医科学データ共有開発ユニット,https://www.riken.jp
情報統合本部,情報統合本部,先端データサイエンスプロジェクト,https://www.riken.jp/research/labs/r-ih/adv_data_sci_proj/index.html
情報統合本部,情報統合本部,開放系情報科学チーム,https://www.riken.jp
情報統合本部,情報統合本部,医療データ数理推論チーム,https://www.riken.jp/research/labs/r-ih/adv_data_sci_proj/med_data_math_res/index.html
情報統合本部,情報統合本部,医療データ深層学習チーム,https://www.riken.jp/research/labs/r-ih/adv_data_sci_proj/med_data_deep_learn/index.html
情報統合本部,情報統合本部,開放系総合信頼性チーム,https://www.riken.jp/research/labs/r-ih/adv_data_sci_proj/open_sys_dependable/index.html
情報統合本部,情報統合本部,データサイエンスデザインチーム,https://www.riken.jp/research/labs/r-ih/adv_data_sci_proj/data_sci_des/index.html
情報統合本部,情報統合本部,ガーディアンロボットプロジェクト,https://www.riken.jp/research/labs/r-ih/guard_robo_proj/index.html
情報統合本部,情報統合本部,知識獲得・対話研究チーム,https://www.riken.jp/research/labs/r-ih/guard_robo_proj/knowl_acqui_dialogue/index.html
情報統合本部,情報統合本部,心理プロセス研究チーム,https://www.riken.jp/research/labs/r-ih/guard_robo_proj/psych_process/index.html
情報統合本部,情報統合本部,インタラクティブロボット研究チーム,https://www.riken.jp/research/labs/r-ih/guard_robo_proj/interact_robo/index.html
情報統合本部,情報統合本部,感覚データ認識研究チーム,https://www.riken.jp/research/labs/r-ih/guard_robo_proj/multimodal_data_recognition/index.html
情報統合本部,情報統合本部,人間機械協調研究チーム,https://www.riken.jp/research/labs/r-ih/guard_robo_proj/man_machine_collab/index.html
情報統合本部,情報統合本部,動作学習研究チーム,https://www.riken.jp/research/labs/r-ih/guard_robo_proj/behav_learn/index.html
科技ハブ産連本部,科技ハブ産連本部,創薬・医療技術基盤プログラム,https://www.riken.jp/research/labs/dmp/
科技ハブ産連本部,科技ハブ産連本部,予防医療・診断技術開発プログラム,https://www.riken.jp/research/labs/pmi/
科技ハブ産連本部,科技ハブ産連本部,バトンゾーン研究推進プログラム,https://www.riken.jp/research/labs/bzp/
科技ハブ産連本部,科技ハブ産連本部,理研産業共創プログラム,https://www.riken.jp/research/labs/icop/
創薬・医療技術基盤プログラム,創薬・医療技術基盤プログラム,創薬ケミカルバンク基盤ユニット(CSRS),https://www.riken.jp/research/labs/dmp/chem_bank/index.html
創薬・医療技術基盤プログラム,創薬・医療技術基盤プログラム,創薬シード化合物探索基盤ユニット(CSRS),https://www.riken.jp/research/labs/dmp/seed_compds/index.html
創薬・医療技術基盤プログラム,創薬・医療技術基盤プログラム,創薬先端計算科学基盤ユニット(BDR),https://www.riken.jp/research/labs/dmp/drug_discov_mol_sim/index.html
創薬・医療技術基盤プログラム,創薬・医療技術基盤プログラム,創薬抗体基盤ユニット(IMS),https://www.riken.jp/research/labs/dmp/drug_discov_antibody/index.html
創薬・医療技術基盤プログラム,創薬・医療技術基盤プログラム,創薬タンパク質解析基盤ユニット(BDR),https://www.riken.jp/research/labs/dmp/drug_discov_struct_biol/index.html
創薬・医療技術基盤プログラム,創薬・医療技術基盤プログラム,創薬分子設計基盤ユニット(BDR),https://www.riken.jp
創薬・医療技術基盤プログラム,創薬・医療技術基盤プログラム,創薬化学基盤ユニット(CSRS),https://www.riken.jp/research/labs/dmp/drug_discov_chem/index.html
創薬・医療技術基盤プログラム,創薬・医療技術基盤プログラム,創薬iPS細胞研究基盤ユニット(BRC),https://www.riken.jp/research/labs/dmp/ips_drug_discov/index.html
創薬・医療技術基盤プログラム,創薬・医療技術基盤プログラム,創薬インテリジェンス連携基盤ユニット(MIH),https://www.riken.jp
予防医療・診断技術開発プログラム,予防医療・診断技術開発プログラム,予防医療迅速診断システム開発ユニット(IMS),https://www.riken.jp/research/labs/pmi/nuc_acid_diagn_sys/index.html
予防医療・診断技術開発プログラム,予防医療・診断技術開発プログラム,"予防医療・ゲノミクス応用開発ユニット (IMS)",https://www.riken.jp/research/labs/pmi/prev_med_app_genom/index.html
バトンゾーン研究推進プログラム,バトンゾーン研究推進プログラム,ガラス成形・光学シミュレーション研究チーム,https://www.riken.jp/research/labs/bzp/glass_mold_opt_sim/index.html
バトンゾーン研究推進プログラム,バトンゾーン研究推進プログラム,糖鎖ターゲティング研究チーム,https://www.riken.jp/research/labs/bzp/glycotarg/index.html
バトンゾーン研究推進プログラム,バトンゾーン研究推進プログラム,ボクセル情報処理システム研究チーム,https://www.riken.jp/research/labs/bzp/voxel_eng/index.html
バトンゾーン研究推進プログラム,バトンゾーン研究推進プログラム,中赤外レーザー光源研究開発チーム,https://www.riken.jp/research/labs/bzp/midinfrared_laser_src/index.html
バトンゾーン研究推進プログラム,バトンゾーン研究推進プログラム,微細藻類生産制御技術研究チーム,https://www.riken.jp/research/labs/bzp/microalgae_prod_ctrl_tech/index.html
バトンゾーン研究推進プログラム,バトンゾーン研究推進プログラム,水素エネルギーストレージ技術研究チーム,https://www.riken.jp/research/labs/bzp/hydrogen_ener_stge/index.html
バトンゾーン研究推進プログラム,バトンゾーン研究推進プログラム,人工ワクチン研究チーム,https://www.riken.jp/research/labs/bzp/vaccine_innov/index.html
バトンゾーン研究推進プログラム,バトンゾーン研究推進プログラム,衛星姿勢軌道制御用レーザー開発研究チーム,https://www.riken.jp/research/labs/bzp/sat_orbit_st_ctrl_laser/index.html
バトンゾーン研究推進プログラム,バトンゾーン研究推進プログラム,バイオモノマー生産研究チーム,https://www.riken.jp/research/labs/bzp/biomonomer_prod/index.html
バトンゾーン研究推進プログラム,バトンゾーン研究推進プログラム,中村特別研究室,https://www.riken.jp/research/labs/bzp/nakamura/index.html
バトンゾーン研究推進プログラム,バトンゾーン研究推進プログラム,横山特別研究室,https://www.riken.jp/research/labs/bzp/yokoyama/index.html
バトンゾーン研究推進プログラム,バトンゾーン研究推進プログラム,理研-JEOL連携センター,https://www.riken.jp/research/labs/bzp/cjcc/index.html
バトンゾーン研究推進プログラム,バトンゾーン研究推進プログラム,ナノ結晶解析連携ユニット,https://www.riken.jp/research/labs/bzp/cjcc/adv_solidstate_nmr/index.html
バトンゾーン研究推進プログラム,バトンゾーン研究推進プログラム,マルチモダル微細構造解析連携ユニット,https://www.riken.jp/research/labs/bzp/cjcc/multimodal_microstruct_anl/index.html
バトンゾーン研究推進プログラム,バトンゾーン研究推進プログラム,次世代電子顕微鏡開発連携ユニット,https://www.riken.jp/research/labs/bzp/cjcc/adv_electron_microscope_dev/index.html
理研産業共創プログラム,理研産業共創プログラム,理研－ダイキン工業健康空間連携プロジェクト,https://www.riken.jp
主任研究員研究室等,主任研究員研究室等,東原子分子物理研究室,https://www.riken.jp/research/labs/chief/atom_mol_opt_phys/index.html
主任研究員研究室等,主任研究員研究室等,石橋極微デバイス工学研究室,https://www.riken.jp/research/labs/chief/adv_device/index.html
主任研究員研究室等,主任研究員研究室等,伊藤ナノ医工学研究室,https://www.riken.jp/research/labs/chief/nano_med_eng/index.html
主任研究員研究室等,主任研究員研究室等,今本細胞核機能研究室,https://www.riken.jp/research/labs/chief/cell_dyn/index.html
主任研究員研究室等,主任研究員研究室等,岩崎RNAシステム生化学研究室,https://www.riken.jp/research/labs/chief/rna_sys_biochem/index.html
主任研究員研究室等,主任研究員研究室等,岩崎中間子科学研究室,https://www.riken.jp/research/labs/chief/mes_sci/index.html
主任研究員研究室等,主任研究員研究室等,上坂スピン・アイソスピン研究室,https://www.riken.jp
主任研究員研究室等,主任研究員研究室等,上野核分光研究室,https://www.riken.jp/research/labs/chief/nucl_spectro/index.html
主任研究員研究室等,主任研究員研究室等,Ulmer基本的対称性研究室,https://www.riken.jp/research/labs/chief/ulmer_unit/index.html
主任研究員研究室等,主任研究員研究室等,戎崎計算宇宙物理研究室,https://www.riken.jp/research/labs/chief/comput_astro/index.html
主任研究員研究室等,主任研究員研究室等,延與放射線研究室,https://www.riken.jp/research/labs/chief/rad/index.html
主任研究員研究室等,主任研究員研究室等,大森素形材工学研究室,https://www.riken.jp/research/labs/chief/mater_fab/index.html
主任研究員研究室等,主任研究員研究室等,小倉発生遺伝工学研究室,https://www.riken.jp/research/labs/chief/bioresour_eng/index.html
主任研究員研究室等,主任研究員研究室等,加藤ナノ量子フォトニクス研究室,https://www.riken.jp/research/labs/chief/nanosc_qtm_photon/index.html
主任研究員研究室等,主任研究員研究室等,香取量子計測研究室,https://www.riken.jp/research/labs/chief/qtm_metrol/index.html
主任研究員研究室等,主任研究員研究室等,Kim表面界面科学研究室,https://www.riken.jp/research/labs/chief/surf_interf/index.html
主任研究員研究室等,主任研究員研究室等,倉谷形態進化研究室,https://www.riken.jp/research/labs/chief/evol_morphol/index.html
主任研究員研究室等,主任研究員研究室等,齋藤高エネルギー原子核研究室,https://www.riken.jp/research/labs/chief/high_ener_nucl_phys/index.html
主任研究員研究室等,主任研究員研究室等,坂井星・惑星形成研究室,https://www.riken.jp/research/labs/chief/star_planet_form/index.html
主任研究員研究室等,主任研究員研究室等,佐甲細胞情報研究室,https://www.riken.jp/research/labs/chief/cell_inf/index.html
主任研究員研究室等,主任研究員研究室等,佐藤高性能計算システム研究室,https://www.riken.jp
主任研究員研究室等,主任研究員研究室等,眞貝細胞記憶研究室,https://www.riken.jp/research/labs/chief/cell_mem/index.html
主任研究員研究室等,主任研究員研究室等,杉田理論分子科学研究室,https://www.riken.jp/research/labs/chief/theor_mol_sci/index.html
主任研究員研究室等,主任研究員研究室等,鈴木糖鎖代謝生化学研究室,https://www.riken.jp/research/labs/chief/glycometab_biochem/index.html
主任研究員研究室等,主任研究員研究室等,関植物エピゲノム制御研究室,https://www.riken.jp/research/labs/chief/plant_epigen_reg/index.html
主任研究員研究室等,主任研究員研究室等,袖岡有機合成化学研究室,https://www.riken.jp/research/labs/chief/synth_org_chem/index.html
主任研究員研究室等,主任研究員研究室等,染谷薄膜素子研究室,https://www.riken.jp/research/labs/chief/thin_film_device/index.html
主任研究員研究室等,主任研究員研究室等,多々良物性物理研究室,https://www.riken.jp/research/labs/chief/condens_matter_phys/index.html
主任研究員研究室等,主任研究員研究室等,田中生体機能合成化学研究室,https://www.riken.jp/research/labs/chief/biofunct_synth_chem/index.html
主任研究員研究室等,主任研究員研究室等,田中メタマテリアル研究室,https://www.riken.jp/research/labs/chief/metamaterials/index.html
主任研究員研究室等,主任研究員研究室等,田原分子分光研究室,https://www.riken.jp/research/labs/chief/mol_spectro/index.html
主任研究員研究室等,主任研究員研究室等,玉川高エネルギー宇宙物理研究室,https://www.riken.jp
主任研究員研究室等,主任研究員研究室等,富田数理気候学研究室,https://www.riken.jp/research/labs/chief/math_clim/index.html
主任研究員研究室等,主任研究員研究室等,長瀧天体ビッグバン研究室,https://www.riken.jp/research/labs/chief/astro_big_bang/index.html
主任研究員研究室等,主任研究員研究室等,Nori理論量子物理研究室,https://www.riken.jp/research/labs/chief/theor_qtm_phys/index.html
主任研究員研究室等,主任研究員研究室等,平野染色体ダイナミクス研究室,https://www.riken.jp/research/labs/chief/chromosome_dyn/index.html
主任研究員研究室等,主任研究員研究室等,平山量子光素子研究室,https://www.riken.jp/research/labs/chief/qtm_optodevice/index.html
主任研究員研究室等,主任研究員研究室等,古崎物性理論研究室,https://www.riken.jp/research/labs/chief/condens_matter_theor/index.html
主任研究員研究室等,主任研究員研究室等,侯有機金属化学研究室,https://www.riken.jp/research/labs/chief/organometal_chem/index.html
主任研究員研究室等,主任研究員研究室等,三好予測科学研究室,https://www.riken.jp/research/labs/chief/predict_sci/index.html
主任研究員研究室等,主任研究員研究室等,Yoo生理遺伝学研究室,https://www.riken.jp/research/labs/chief/physiol_gen/index.html
主任研究員研究室等,主任研究員研究室等,柚木計算物性物理研究室,https://www.riken.jp/research/labs/chief/computat_condens_matter_phys/index.html
主任研究員研究室等,主任研究員研究室等,渡邉分子生理学研究室,https://www.riken.jp/research/labs/chief/mol_physiol/index.html
主任研究員研究室等,主任研究員研究室等,肝がん予防研究ユニット,https://www.riken.jp/research/labs/chief/liver_cancer_prev/index.html
理研白眉研究チーム,理研白眉研究チーム,榎戸極限自然現象理研白眉研究チーム,https://www.riken.jp/research/labs/hakubi/e_extr_nat_phenom/index.html
理研白眉研究チーム,理研白眉研究チーム,川上浮揚電子量子情報理研白眉研究チーム,https://www.riken.jp/research/labs/hakubi/k_floatelectron_based_qtm_inf/index.html
理研白眉研究チーム,理研白眉研究チーム,川口生体非平衡物理学理研白眉研究チーム,https://www.riken.jp
理研白眉研究チーム,理研白眉研究チーム,新宅マイクロ流体工学理研白眉研究チーム,https://www.riken.jp/research/labs/hakubi/s_microfluid/index.html
理研白眉研究チーム,理研白眉研究チーム,武石多感覚統合神経回路理研白眉研究チーム,https://www.riken.jp/research/labs/hakubi/t_neurcrt_multisens/index.html
理研白眉研究チーム,理研白眉研究チーム,玉置認知睡眠学理研白眉研究チーム,https://www.riken.jp/research/labs/hakubi/t_cogn_somno/index.html
理研白眉研究チーム,理研白眉研究チーム,萩原生体模倣システム理研白眉研究チーム,https://www.riken.jp/research/labs/hakubi/h_hum_biomimetic/index.html
理研白眉研究チーム,理研白眉研究チーム,濱崎非平衡量子統計力学理研白眉研究チーム,https://www.riken.jp/research/labs/hakubi/h_nonequil_qtm_stat_mech/index.html
理研白眉研究チーム,理研白眉研究チーム,Parrishゲノム免疫生物学理研白眉研究チーム,https://www.riken.jp/research/labs/hakubi/p_genom_immunobiol/index.html
革新知能統合研究センター,革新知能統合研究センター,汎用基盤技術研究グループ,https://www.riken.jp
革新知能統合研究センター,革新知能統合研究センター,不完全情報学習チーム,https://www.riken.jp/research/labs/aip/generic_tech/imperfect_inf_learn/index.html
革新知能統合研究センター,革新知能統合研究センター,構造的学習チーム,https://www.riken.jp/research/labs/aip/generic_tech/struct_learn/index.html
革新知能統合研究センター,革新知能統合研究センター,テンソル学習チーム,https://www.riken.jp/research/labs/aip/generic_tech/tensor_learn/index.html
革新知能統合研究センター,革新知能統合研究センター,関数解析的学習ユニット,https://www.riken.jp/research/labs/aip/generic_tech/funct_anl_learn/index.html
革新知能統合研究センター,革新知能統合研究センター,高次元統計モデリングチーム,https://www.riken.jp/research/labs/aip/generic_tech/highdim_stat_model/index.html
革新知能統合研究センター,革新知能統合研究センター,圧縮情報処理ユニット,https://www.riken.jp/research/labs/aip/generic_tech/succinct_inf_process/index.html
革新知能統合研究センター,革新知能統合研究センター,深層学習理論チーム,https://www.riken.jp/research/labs/aip/generic_tech/deep_learn_theory/index.html
革新知能統合研究センター,革新知能統合研究センター,計算論的学習理論チーム,https://www.riken.jp/research/labs/aip/generic_tech/comput_learn_theory/index.html
革新知能統合研究センター,革新知能統合研究センター,非凸学習理論チーム,https://www.riken.jp/research/labs/aip/generic_tech/nonconvex_learn_theory/index.html
革新知能統合研究センター,革新知能統合研究センター,因果推論チーム,https://www.riken.jp/research/labs/aip/generic_tech/cause_infer/index.html
革新知能統合研究センター,革新知能統合研究センター,近似ベイズ推論チーム,https://www.riken.jp/research/labs/aip/generic_tech/approx_bayes_infer/index.html
革新知能統合研究センター,革新知能統合研究センター,連続最適化チーム,https://www.riken.jp/research/labs/aip/generic_tech/continuous_optimize/index.html
革新知能統合研究センター,革新知能統合研究センター,数理科学チーム,https://www.riken.jp/research/labs/aip/generic_tech/math_sci/index.html
革新知能統合研究センター,革新知能統合研究センター,数理統計学チーム,https://www.riken.jp/research/labs/aip/generic_tech/math_stat/index.html
革新知能統合研究センター,革新知能統合研究センター,数理解析チーム,https://www.riken.jp/research/labs/aip/generic_tech/math_anl/index.html
革新知能統合研究センター,革新知能統合研究センター,トポロジカルデータ解析チーム,https://www.riken.jp/research/labs/aip/generic_tech/topology_data_anl/index.html
革新知能統合研究センター,革新知能統合研究センター,目的指向基盤技術研究グループ,https://www.riken.jp
革新知能統合研究センター,革新知能統合研究センター,がん探索医療研究チーム,https://www.riken.jp/research/labs/aip/goalorient_tech/cancer_transl/index.html
革新知能統合研究センター,革新知能統合研究センター,iPS細胞連携医学的リスク回避チーム,https://www.riken.jp/research/labs/aip/goalorient_tech/med_risk_avoid_base_ips/index.html
革新知能統合研究センター,革新知能統合研究センター,分子情報科学チーム,https://www.riken.jp/research/labs/aip/goalorient_tech/mol_inf/index.html
革新知能統合研究センター,革新知能統合研究センター,認知行動支援技術チーム,https://www.riken.jp/research/labs/aip/goalorient_tech/cogn_behav_assist_tech/index.html
革新知能統合研究センター,革新知能統合研究センター,防災科学チーム,https://www.riken.jp/research/labs/aip/goalorient_tech/disaster_resilience/index.html
革新知能統合研究センター,革新知能統合研究センター,インフラ管理ロボット技術チーム,https://www.riken.jp/research/labs/aip/goalorient_tech/robo_infrastruct_mange/index.html
革新知能統合研究センター,革新知能統合研究センター,観光情報解析チーム,https://www.riken.jp/research/labs/aip/goalorient_tech/tourism_inf_anl/index.html
革新知能統合研究センター,革新知能統合研究センター,医用機械知能チーム,https://www.riken.jp/research/labs/aip/goalorient_tech/machine_intell_med_eng/index.html
革新知能統合研究センター,革新知能統合研究センター,データ駆動型生物医科学チーム,https://www.riken.jp/research/labs/aip/goalorient_tech/datadrive_biomed/index.html
革新知能統合研究センター,革新知能統合研究センター,計算脳ダイナミクスチーム,https://www.riken.jp/research/labs/aip/goalorient_tech/comput_brain_dyn/index.html
革新知能統合研究センター,革新知能統合研究センター,脳情報統合解析チーム,https://www.riken.jp/research/labs/aip/goalorient_tech/inf_integr_neurosci/index.html
革新知能統合研究センター,革新知能統合研究センター,遺伝統計学チーム,https://www.riken.jp/research/labs/aip/goalorient_tech/stat_genet/index.html
革新知能統合研究センター,革新知能統合研究センター,病理情報学チーム,https://www.riken.jp/research/labs/aip/goalorient_tech/pathol_inf/index.html
革新知能統合研究センター,革新知能統合研究センター,自然言語理解チーム,https://www.riken.jp/research/labs/aip/goalorient_tech/nat_lang_understand/index.html
革新知能統合研究センター,革新知能統合研究センター,知識獲得チーム,https://www.riken.jp/research/labs/aip/goalorient_tech/knowl_acqui/index.html
革新知能統合研究センター,革新知能統合研究センター,言語情報アクセス技術チーム,https://www.riken.jp/research/labs/aip/goalorient_tech/lang_inf_access_tech/index.html
革新知能統合研究センター,革新知能統合研究センター,空間情報学ユニット,https://www.riken.jp/research/labs/aip/goalorient_tech/geoinf/index.html
革新知能統合研究センター,革新知能統合研究センター,音楽情報知能チーム,https://www.riken.jp/research/labs/aip/goalorient_tech/music_inf_intell/index.html
革新知能統合研究センター,革新知能統合研究センター,音響情景理解チーム,https://www.riken.jp/research/labs/aip/goalorient_tech/sound_scene_understand/index.html
革新知能統合研究センター,革新知能統合研究センター,社会における人工知能研究グループ,https://www.riken.jp
革新知能統合研究センター,革新知能統合研究センター,人工知能倫理・社会チーム,https://www.riken.jp/research/labs/aip/ai_soc/ai_ethical_legal_soc_issues/index.html
革新知能統合研究センター,革新知能統合研究センター,社会におけるAI利活用と法制度チーム,https://www.riken.jp/research/labs/aip/ai_soc/ai_utilize_legal_sys/index.html
革新知能統合研究センター,革新知能統合研究センター,科学技術と社会チーム,https://www.riken.jp/research/labs/aip/ai_soc/sci_tech_soc/index.html
革新知能統合研究センター,革新知能統合研究センター,分散型ビッグデータチーム,https://www.riken.jp/research/labs/aip/ai_soc/decentralize_bigdata/index.html
革新知能統合研究センター,革新知能統合研究センター,経済経営情報融合分析チーム,https://www.riken.jp/research/labs/aip/ai_soc/bus_econ_inf_fusion_anl/index.html
革新知能統合研究センター,革新知能統合研究センター,人工知能セキュリティ・プライバシーチーム,https://www.riken.jp/research/labs/aip/ai_soc/ai_sec_privacy/index.html
革新知能統合研究センター,革新知能統合研究センター,人工知能安全性・信頼性ユニット,https://www.riken.jp/research/labs/aip/ai_soc/ai_saf_rely/index.html
革新知能統合研究センター,革新知能統合研究センター,計算支援運用ユニット,https://www.riken.jp/research/labs/aip/comput_support_op/index.html
革新知能統合研究センター,革新知能統合研究センター,理研AIP-NEC連携センター,https://www.riken.jp
革新知能統合研究センター,革新知能統合研究センター,理研AIP-東芝連携センター,https://www.riken.jp
革新知能統合研究センター,革新知能統合研究センター,理研AIP-富士通連携センター,https://www.riken.jp
生命医科学研究センター,生命医科学研究センター,トランスクリプトーム研究チーム,https://www.riken.jp/research/labs/ims/transcript_tech/index.html
生命医科学研究センター,生命医科学研究センター,細胞機能変換技術研究チーム,https://www.riken.jp/research/labs/ims/cell_funct_conv/index.html
生命医科学研究センター,生命医科学研究センター,ゲノム情報解析チーム,https://www.riken.jp/research/labs/ims/genom_inf/index.html
生命医科学研究センター,生命医科学研究センター,応用計算ゲノミクス研究チーム,https://www.riken.jp/research/labs/ims/genom_algo/index.html
生命医科学研究センター,生命医科学研究センター,一細胞解析技術研究チーム,https://www.riken.jp/research/labs/ims/genom_mini/index.html
生命医科学研究センター,生命医科学研究センター,生命医科学大容量データ技術研究チーム,https://www.riken.jp/research/labs/ims/large_scale_data/index.html
生命医科学研究センター,生命医科学研究センター,遺伝子制御回路研究チーム,https://www.riken.jp/research/labs/ims/cell_conv/index.html
生命医科学研究センター,生命医科学研究センター,エピゲノム技術研究チーム,https://www.riken.jp/research/labs/ims/cell_epigen/index.html
生命医科学研究センター,生命医科学研究センター,応用ゲノム解析技術研究チーム,https://www.riken.jp/research/labs/ims/genom_net_support/index.html
生命医科学研究センター,生命医科学研究センター,ゲノム制御ネットワーク研究チーム,https://www.riken.jp/research/labs/ims/mol_net_ctrl_genom/index.html
生命医科学研究センター,生命医科学研究センター,理研－IFOMがんゲノミクス連携研究チーム,https://www.riken.jp/research/labs/ims/riken-ifom/index.html
生命医科学研究センター,生命医科学研究センター,基盤技術開発研究チーム,https://www.riken.jp/research/labs/ims/genotyping_dev/index.html
生命医科学研究センター,生命医科学研究センター,ゲノム解析応用研究チーム,https://www.riken.jp/research/labs/ims/stat_transl_genet/index.html
生命医科学研究センター,生命医科学研究センター,ファーマコゲノミクス研究チーム,https://www.riken.jp/research/labs/ims/pharmacogen/index.html
生命医科学研究センター,生命医科学研究センター,国際ゲノム連携研究チーム,https://www.riken.jp/research/labs/ims/int_alliance_gen_res/index.html
生命医科学研究センター,生命医科学研究センター,骨関節疾患研究チーム,https://www.riken.jp/research/labs/ims/bone_joint_dis/index.html
生命医科学研究センター,生命医科学研究センター,糖尿病・代謝ゲノム疾患研究チーム,https://www.riken.jp/research/labs/ims/endocrinol_metab_kidney_dis/index.html
生命医科学研究センター,生命医科学研究センター,循環器ゲノミクス・インフォマティクス研究チーム,https://www.riken.jp/research/labs/ims/cardiovasc_dis/index.html
生命医科学研究センター,生命医科学研究センター,自己免疫疾患研究チーム,https://www.riken.jp/research/labs/ims/autoimmun_dis/index.html
生命医科学研究センター,生命医科学研究センター,ヒト免疫遺伝研究チーム,https://www.riken.jp/research/labs/ims/respir_aller_dis/index.html
生命医科学研究センター,生命医科学研究センター,免疫シグナル研究チーム,https://www.riken.jp/research/labs/ims/cell_signal/index.html
生命医科学研究センター,生命医科学研究センター,分化制御研究チーム,https://www.riken.jp/research/labs/ims/lymph_diff/index.html
生命医科学研究センター,生命医科学研究センター,免疫転写制御研究チーム,https://www.riken.jp/research/labs/ims/transcript_reg/index.html
生命医科学研究センター,生命医科学研究センター,免疫細胞システム研究チーム,https://www.riken.jp/research/labs/ims/immun_cell_sys/index.html
生命医科学研究センター,生命医科学研究センター,自然免疫システム研究チーム,https://www.riken.jp/research/labs/ims/innate_immune_sys/index.html
生命医科学研究センター,生命医科学研究センター,免疫恒常性研究チーム,https://www.riken.jp/research/labs/ims/immun_homeost/index.html
生命医科学研究センター,生命医科学研究センター,環境応答制御研究チーム,https://www.riken.jp/research/labs/ims/immun_crosstalk/index.html
生命医科学研究センター,生命医科学研究センター,炎症制御研究チーム,https://www.riken.jp/research/labs/ims/inflamm_reg/index.html
生命医科学研究センター,生命医科学研究センター,サイトカイン制御研究チーム,https://www.riken.jp/research/labs/ims/cytokine_reg/index.html
生命医科学研究センター,生命医科学研究センター,免疫器官形成研究チーム,https://www.riken.jp/research/labs/ims/dev_genet/index.html
生命医科学研究センター,生命医科学研究センター,粘膜システム研究チーム,https://www.riken.jp/research/labs/ims/intest_ecosys/index.html
生命医科学研究センター,生命医科学研究センター,統合ゲノミクス研究チーム,https://www.riken.jp/research/labs/ims/integr_genom/index.html
生命医科学研究センター,生命医科学研究センター,粘膜免疫研究チーム,https://www.riken.jp/research/labs/ims/mucos_immun/index.html
生命医科学研究センター,生命医科学研究センター,消化管恒常性研究チーム,https://www.riken.jp/research/labs/ims/gut_homeost/index.html
生命医科学研究センター,生命医科学研究センター,皮膚恒常性研究チーム,https://www.riken.jp/research/labs/ims/cutaneous_immun/index.html
生命医科学研究センター,生命医科学研究センター,組織動態研究チーム,https://www.riken.jp/research/labs/ims/tissue_dyn/index.html
生命医科学研究センター,生命医科学研究センター,統合細胞システム研究チーム,https://www.riken.jp/research/labs/ims/integr_cell_sys/index.html
生命医科学研究センター,生命医科学研究センター,メタボローム研究チーム,https://www.riken.jp/research/labs/ims/metabolom/index.html
生命医科学研究センター,生命医科学研究センター,マイクロバイオーム研究チーム,https://www.riken.jp/research/labs/ims/microbiome_sci/index.html
生命医科学研究センター,生命医科学研究センター,代謝ネットワーク研究チーム,https://www.riken.jp/research/labs/ims/metab_net/index.html
生命医科学研究センター,生命医科学研究センター,疾患遺伝研究チーム,https://www.riken.jp/research/labs/ims/immunogen/index.html
生命医科学研究センター,生命医科学研究センター,医科学数理研究チーム,https://www.riken.jp/research/labs/ims/med_sci_math/index.html
生命医科学研究センター,生命医科学研究センター,がんゲノム研究チーム,https://www.riken.jp/research/labs/ims/genome_seq_anl/index.html
生命医科学研究センター,生命医科学研究センター,免疫細胞治療研究チーム,https://www.riken.jp/research/labs/ims/immunother/index.html
生命医科学研究センター,生命医科学研究センター,ヒト疾患モデル研究チーム,https://www.riken.jp/research/labs/ims/hum_dis_model/index.html
生命医科学研究センター,生命医科学研究センター,ゲノム免疫生物学理研白眉研究チーム,https://www.riken.jp/research/labs/ims/genom_immunobiol_riken_hakubi/index.html
生命医科学研究センター,生命医科学研究センター,融合領域リーダー育成プログラム,https://www.riken.jp/research/labs/ims/young_chief_investigation_program/index.html
生命医科学研究センター,生命医科学研究センター,感染症研究ユニット,https://www.riken.jp/research/labs/ims/infect-dis/index.html
生命医科学研究センター,生命医科学研究センター,創薬抗体基盤ユニット,https://www.riken.jp/research/labs/ims/drug_discov_antibody/index.html
生命医科学研究センター,生命医科学研究センター,予防医療迅速診断システム開発ユニット,https://www.riken.jp/research/labs/ims/nuc_acid_diagn_sys/index.html
生命医科学研究センター,生命医科学研究センター,予防医療・ゲノミクス応用開発ユニット,https://www.riken.jp/research/labs/ims/prev_med_app_genom/index.html
生命機能科学研究センター,生命機能科学研究センター,栄養応答研究チーム,https://www.riken.jp/research/labs/bdr/nutrio_bio/index.html
生命機能科学研究センター,生命機能科学研究センター,エピジェネティクス制御研究チーム,https://www.riken.jp/research/labs/bdr/epigen_drug_discov/index.html
生命機能科学研究センター,生命機能科学研究センター,器官誘導研究チーム,https://www.riken.jp/research/labs/bdr/organ_regen/index.html
生命機能科学研究センター,生命機能科学研究センター,機能性超高磁場マグネット技術研究ユニット,https://www.riken.jp/research/labs/bdr/funct_ultrahighfield_magn_tech/index.html
生命機能科学研究センター,生命機能科学研究センター,クライオ電子顕微鏡維持管理・共用促進チーム,https://www.riken.jp
生命機能科学研究センター,生命機能科学研究センター,計算分子設計研究チーム,https://www.riken.jp/research/labs/bdr/comput_mol_des/index.html
生命機能科学研究センター,生命機能科学研究センター,形態形成シグナル研究チーム,https://www.riken.jp/research/labs/bdr/morph_signal/index.html
生命機能科学研究センター,生命機能科学研究センター,形態進化研究チーム,https://www.riken.jp/research/labs/bdr/evol_morphol/index.html
生命機能科学研究センター,生命機能科学研究センター,血管形成研究チーム,https://www.riken.jp/research/labs/bdr/vasc_morphogen/index.html
生命機能科学研究センター,生命機能科学研究センター,健康・病態科学研究チーム,https://www.riken.jp/research/labs/bdr/pathophysiol_health_sci/index.html
生命機能科学研究センター,生命機能科学研究センター,高機能生体分子開発チーム,https://www.riken.jp/research/labs/bdr/adv_biomol_eng/index.html
生命機能科学研究センター,生命機能科学研究センター,合成生物学研究チーム,https://www.riken.jp/research/labs/bdr/synth_biol/index.html
生命機能科学研究センター,生命機能科学研究センター,構造NMR技術研究ユニット,https://www.riken.jp/research/labs/bdr/nmr_eng_struct_sci/index.html
生命機能科学研究センター,生命機能科学研究センター,構造バイオインフォマティクス研究チーム,https://www.riken.jp/research/labs/bdr/struct_bioinf/index.html
生命機能科学研究センター,生命機能科学研究センター,高速ゲノム変異マウス作製研究チーム,https://www.riken.jp/research/labs/bdr/mouse_genet_eng/index.html
生命機能科学研究センター,生命機能科学研究センター,呼吸器形成研究チーム,https://www.riken.jp/research/labs/bdr/lung_dev/index.html
生命機能科学研究センター,生命機能科学研究センター,個体パターニング研究チーム,https://www.riken.jp/research/labs/bdr/organism_pat/index.html
生命機能科学研究センター,生命機能科学研究センター,細胞外環境研究チーム,https://www.riken.jp/research/labs/bdr/tissue_microenv/index.html
生命機能科学研究センター,生命機能科学研究センター,細胞機能評価研究チーム,https://www.riken.jp/research/labs/bdr/cell_funct_img/index.html
生命機能科学研究センター,生命機能科学研究センター,細胞極性統御研究チーム,https://www.riken.jp/research/labs/bdr/cell_polar_reg/index.html
生命機能科学研究センター,生命機能科学研究センター,細胞構造生物学研究チーム,https://www.riken.jp/research/labs/bdr/biomol_struct_dyn/index.html
生命機能科学研究センター,生命機能科学研究センター,細胞システム制御学研究チーム,https://www.riken.jp/research/labs/bdr/cell_sys_ctrl/index.html
生命機能科学研究センター,生命機能科学研究センター,細胞システム動態予測研究チーム,https://www.riken.jp/research/labs/bdr/integr_omics/index.html
生命機能科学研究センター,生命機能科学研究センター,細胞シグナル動態研究チーム,https://www.riken.jp/research/labs/bdr/cell_signal_dyn/index.html
生命機能科学研究センター,生命機能科学研究センター,細胞場構造研究チーム,https://www.riken.jp/research/labs/bdr/cell_field_struct/index.html
生命機能科学研究センター,生命機能科学研究センター,集積バイオデバイス研究チーム,https://www.riken.jp/research/labs/bdr/integr_biodevice/index.html
生命機能科学研究センター,生命機能科学研究センター,象徴概念発達研究チーム,https://www.riken.jp/research/labs/bdr/symbol_cogn_dev/index.html
生命機能科学研究センター,生命機能科学研究センター,上皮形態形成研究チーム,https://www.riken.jp/research/labs/bdr/epithel_morphogen/index.html
生命機能科学研究センター,生命機能科学研究センター,心臓再生研究チーム,https://www.riken.jp/research/labs/bdr/heart_regen/index.html
生命機能科学研究センター,生命機能科学研究センター,制御分子設計研究チーム,https://www.riken.jp/research/labs/bdr/struct_mol_des/index.html
生命機能科学研究センター,生命機能科学研究センター,生体機能動態イメージング研究チーム,https://www.riken.jp/research/labs/bdr/mol_dyn_img/index.html
生命機能科学研究センター,生命機能科学研究センター,生体分子動的構造研究チーム,https://www.riken.jp/research/labs/bdr/dyn_struct_biomol/index.html
生命機能科学研究センター,生命機能科学研究センター,生体モデル開発チーム,https://www.riken.jp/research/labs/bdr/anim_resour_dev/index.html
生命機能科学研究センター,生命機能科学研究センター,染色体分配研究チーム,https://www.riken.jp/research/labs/bdr/chromo_segr/index.html
生命機能科学研究センター,生命機能科学研究センター,先端NMR開発・応用研究チーム,https://www.riken.jp/research/labs/bdr/adv_nmr_app_dev/index.html
生命機能科学研究センター,生命機能科学研究センター,先端バイオイメージング研究チーム,https://www.riken.jp/research/labs/bdr/compr_bioimg/index.html
生命機能科学研究センター,生命機能科学研究センター,体軸動態研究チーム,https://www.riken.jp/research/labs/bdr/axial_pat_dyn/index.html
生命機能科学研究センター,生命機能科学研究センター,多階層生命動態研究チーム,https://www.riken.jp/research/labs/bdr/multisc_biosyst_dyn/index.html
生命機能科学研究センター,生命機能科学研究センター,タンパク質機能・構造研究チーム,https://www.riken.jp/research/labs/bdr/prot_funct_struct_biol/index.html
生命機能科学研究センター,生命機能科学研究センター,超微形態研究チーム,https://www.riken.jp/research/labs/bdr/ultrastruct/index.html
生命機能科学研究センター,生命機能科学研究センター,超分子システム動態研究チーム,https://www.riken.jp/research/labs/bdr/supramol_syst_dyn_collab/index.html
生命機能科学研究センター,生命機能科学研究センター,転写制御構造生物学研究チーム,https://www.riken.jp/research/labs/bdr/supramol_struct_biol/index.html
生命機能科学研究センター,生命機能科学研究センター,動的恒常性研究チーム,https://www.riken.jp/research/labs/bdr/physiol_gen/index.html
生命機能科学研究センター,生命機能科学研究センター,ナノバイオプローブ研究チーム,https://www.riken.jp/research/labs/bdr/nanobio_probes/index.html
生命機能科学研究センター,生命機能科学研究センター,脳エピトランスクリプトミクス研究チーム,https://www.riken.jp/research/labs/bdr/neuroepitranscript/index.html
生命機能科学研究センター,生命機能科学研究センター,脳コネクトミクスイメージング研究チーム,https://www.riken.jp/research/labs/bdr/funct_arch_img/index.html
生命機能科学研究センター,生命機能科学研究センター,バイオインフォマティクス研究開発チーム,https://www.riken.jp/research/labs/bdr/singlecell_omics/index.html
生命機能科学研究センター,生命機能科学研究センター,バイオコンピューティング研究チーム,https://www.riken.jp/research/labs/bdr/biochem_sim/index.html
生命機能科学研究センター,生命機能科学研究センター,発生エピジェネティクス研究チーム,https://www.riken.jp/research/labs/bdr/dev_epigen/index.html
生命機能科学研究センター,生命機能科学研究センター,発生幾何研究チーム,https://www.riken.jp/research/labs/bdr/dev_morphogeom/index.html
生命機能科学研究センター,生命機能科学研究センター,発生動態研究チーム,https://www.riken.jp/research/labs/bdr/dev_dyn/index.html
生命機能科学研究センター,生命機能科学研究センター,比較コネクトミクス研究チーム,https://www.riken.jp/research/labs/bdr/comparative_connectomics/index.html
生命機能科学研究センター,生命機能科学研究センター,非対称細胞分裂研究チーム,https://www.riken.jp/research/labs/bdr/cell_asym/index.html
生命機能科学研究センター,生命機能科学研究センター,非天然型アミノ酸技術研究チーム,https://www.riken.jp/research/labs/bdr/nonnat_amin_acid/index.html
生命機能科学研究センター,生命機能科学研究センター,ヒト器官形成研究チーム,https://www.riken.jp/research/labs/bdr/hum_organogen/index.html
生命機能科学研究センター,生命機能科学研究センター,標識化学研究チーム,https://www.riken.jp/research/labs/bdr/label_chem/index.html
生命機能科学研究センター,生命機能科学研究センター,フィジカルバイオロジー研究チーム,https://www.riken.jp/research/labs/bdr/phys_biol/index.html
生命機能科学研究センター,生命機能科学研究センター,分子機能シミュレーション研究チーム,https://www.riken.jp/research/labs/bdr/biomol_funct_sim/index.html
生命機能科学研究センター,生命機能科学研究センター,分子細胞動態研究チーム,https://www.riken.jp/research/labs/bdr/cell_dyn_anl/index.html
生命機能科学研究センター,生命機能科学研究センター,分子送達・イメージング技術研究チーム,https://www.riken.jp/research/labs/bdr/mol_delv_img_tech/index.html
生命機能科学研究センター,生命機能科学研究センター,分子配列比較解析チーム,https://www.riken.jp/research/labs/bdr/phyloinf/index.html
生命機能科学研究センター,生命機能科学研究センター,分子標的化学研究チーム,https://www.riken.jp/research/labs/bdr/chem_biol/index.html
生命機能科学研究センター,生命機能科学研究センター,翻訳構造解析研究チーム,https://www.riken.jp/research/labs/bdr/transl_struct_biol/index.html
生命機能科学研究センター,生命機能科学研究センター,無細胞タンパク質合成研究チーム,https://www.riken.jp/research/labs/bdr/cellfree_prot_synth/index.html
生命機能科学研究センター,生命機能科学研究センター,網膜再生医療研究開発プロジェクト,https://www.riken.jp/research/labs/bdr/retin_regen/index.html
生命機能科学研究センター,生命機能科学研究センター,老化分子生物学研究チーム,https://www.riken.jp/research/labs/bdr/mol_biol_age/index.html
生命機能科学研究センター,生命機能科学研究センター,NMR維持管理・共用促進チーム,https://www.riken.jp
生命機能科学研究センター,生命機能科学研究センター,生体非平衡物理学理研白眉研究チーム,https://www.riken.jp
生命機能科学研究センター,生命機能科学研究センター,創薬先端計算科学基盤ユニット,https://www.riken.jp/research/labs/bdr/drug_discov_mol_sim/index.html
生命機能科学研究センター,生命機能科学研究センター,創薬タンパク質解析基盤ユニット,https://www.riken.jp/research/labs/bdr/drug_discov_struct_biol/index.html
生命機能科学研究センター,生命機能科学研究センター,創薬分子設計基盤ユニット,https://www.riken.jp
生命機能科学研究センター,生命機能科学研究センター,理研BDR-大塚製薬連携センター,https://www.riken.jp/research/labs/bdr/riken_otsuka/index.html
生命機能科学研究センター,生命機能科学研究センター,理研BDR-ダイキン工業連携センター,https://www.riken.jp/research/labs/bdr/riken_daikin/index.html
生命機能科学研究センター,生命機能科学研究センター,健康指標ユニット,https://www.riken.jp
生命機能科学研究センター,生命機能科学研究センター,健康ソリューションユニット,https://www.riken.jp
脳神経科学研究センター,脳神経科学研究センター,学習・記憶神経回路研究チーム,https://www.riken.jp/research/labs/cbs/neur_circ_learn_mem/index.html
脳神経科学研究センター,脳神経科学研究センター,親和性社会行動研究チーム,https://www.riken.jp/research/labs/cbs/affiliative_soc_behav/index.html
脳神経科学研究センター,脳神経科学研究センター,言語発達研究チーム,https://www.riken.jp/research/labs/cbs/lang_dev/index.html
脳神経科学研究センター,脳神経科学研究センター,意思決定回路動態研究チーム,https://www.riken.jp/research/labs/cbs/neur_circ_dyn_decision_making/index.html
脳神経科学研究センター,脳神経科学研究センター,人間認知・学習研究チーム,https://www.riken.jp/research/labs/cbs/hum_cogn_learn/index.html
脳神経科学研究センター,脳神経科学研究センター,認知分散処理研究チーム,https://www.riken.jp/research/labs/cbs/distro_cogn_process/index.html
脳神経科学研究センター,脳神経科学研究センター,意識機構研究チーム,https://www.riken.jp
脳神経科学研究センター,脳神経科学研究センター,思考・実行機能研究チーム,https://www.riken.jp/research/labs/cbs/img_exe_funct/index.html
脳神経科学研究センター,脳神経科学研究センター,時空間認知神経生理学研究チーム,https://www.riken.jp/research/labs/cbs/sys_neurophysiol/index.html
脳神経科学研究センター,脳神経科学研究センター,シナプス可塑性・回路制御研究チーム,https://www.riken.jp/research/labs/cbs/synap_plast_connect/index.html
脳神経科学研究センター,脳神経科学研究センター,神経細胞動態研究チーム,https://www.riken.jp/research/labs/cbs/neur_cell_dyn/index.html
脳神経科学研究センター,脳神経科学研究センター,知覚神経回路機構研究チーム,https://www.riken.jp/research/labs/cbs/circuit_mech_sens_percept/index.html
脳神経科学研究センター,脳神経科学研究センター,神経回路・行動生理学研究チーム,https://www.riken.jp/research/labs/cbs/circ_behav_physiol/index.html
脳神経科学研究センター,脳神経科学研究センター,神経細胞多様性研究チーム,https://www.riken.jp/research/labs/cbs/neurodiversity/index.html
脳神経科学研究センター,脳神経科学研究センター,脳発達分子メカニズム研究チーム,https://www.riken.jp/research/labs/cbs/mol_mech_brain_dev/index.html
脳神経科学研究センター,脳神経科学研究センター,システム分子行動学研究チーム,https://www.riken.jp/research/labs/cbs/sys_mol_etholo/index.html
脳神経科学研究センター,脳神経科学研究センター,神経幹細胞研究チーム,https://www.riken.jp/research/labs/cbs/neur_stem_cell_res/index.html
脳神経科学研究センター,脳神経科学研究センター,視覚意思決定研究チーム,https://www.riken.jp/research/labs/cbs/neur_circ_behav/index.html
脳神経科学研究センター,脳神経科学研究センター,細胞機能探索技術研究チーム,https://www.riken.jp/research/labs/cbs/cell_funct_dyn/index.html
脳神経科学研究センター,脳神経科学研究センター,触知覚生理学研究チーム,https://www.riken.jp/research/labs/cbs/haptic_percept_cogn_physiol/index.html
脳神経科学研究センター,脳神経科学研究センター,学習理論・社会脳研究チーム,https://www.riken.jp/research/labs/cbs/integr_theor_neurosci/index.html
脳神経科学研究センター,脳神経科学研究センター,数理脳科学研究チーム,https://www.riken.jp/research/labs/cbs/neur_comput_adapt/index.html
脳神経科学研究センター,脳神経科学研究センター,神経老化制御研究チーム,https://www.riken.jp/research/labs/cbs/proteol_neurosci/index.html
脳神経科学研究センター,脳神経科学研究センター,タンパク質構造疾患研究チーム,https://www.riken.jp/research/labs/cbs/prot_conform_dis/index.html
脳神経科学研究センター,脳神経科学研究センター,多階層精神疾患研究チーム,https://www.riken.jp/research/labs/cbs/multiscale_biol_psych/index.html
脳神経科学研究センター,脳神経科学研究センター,分子精神病理研究チーム,https://www.riken.jp/research/labs/cbs/mol_pathol_psyche_disord/index.html
脳神経科学研究センター,脳神経科学研究センター,グリア-神経回路動態研究チーム,https://www.riken.jp/research/labs/cbs/glia_neur_circ_dyn/index.html
脳神経科学研究センター,脳神経科学研究センター,脳発達病態研究チーム,https://www.riken.jp/research/labs/cbs/brain_dev_disord/index.html
脳神経科学研究センター,脳神経科学研究センター,マーモセット神経構造研究チーム,https://www.riken.jp/research/labs/cbs/marmoset_neur_arch/index.html
脳神経科学研究センター,脳神経科学研究センター,高次脳機能分子解析チーム,https://www.riken.jp/research/labs/cbs/mol_anl_high_brain_funct/index.html
脳神経科学研究センター,脳神経科学研究センター,脳型知能理論研究ユニット,https://www.riken.jp/research/labs/cbs/brain_intell_theor/index.html
脳神経科学研究センター,脳神経科学研究センター,統計数理研究ユニット,https://www.riken.jp/research/labs/cbs/stat_math/index.html
脳神経科学研究センター,脳神経科学研究センター,神経回路計算研究ユニット,https://www.riken.jp/research/labs/cbs/neur_circ_comput/index.html
脳神経科学研究センター,脳神経科学研究センター,多感覚統合神経回路理研白眉研究チーム,https://www.riken.jp/research/labs/cbs/neurcrt_multisens_hakubi/index.html
脳神経科学研究センター,脳神経科学研究センター,認知睡眠学理研白眉研究チーム,https://www.riken.jp/research/labs/cbs/cogn_somno_riken_hakubi/index.html
脳神経科学研究センター,脳神経科学研究センター,認知行動連携研究チーム,https://www.riken.jp/research/labs/cbs/cogn_behav/index.html
脳神経科学研究センター,脳神経科学研究センター,脳機能動態学連携研究チーム,https://www.riken.jp/research/labs/cbs/brain_funct_dyn_collab/index.html
脳神経科学研究センター,脳神経科学研究センター,神経動態医科学連携研究チーム,https://www.riken.jp/research/labs/cbs/biomed_neur_dyn_collab/index.html
脳神経科学研究センター,脳神経科学研究センター,神経変性疾患連携研究チーム,https://www.riken.jp/research/labs/cbs/neurodegener_dis_collab/index.html
脳神経科学研究センター,脳神経科学研究センター,キャリア形成推進プログラム,https://www.riken.jp/research/labs/cbs/career_dev_prog/index.html
脳神経科学研究センター,脳神経科学研究センター,統合計算脳科学連携部門,https://www.riken.jp
脳神経科学研究センター,脳神経科学研究センター,神経情報基盤開発ユニット,https://www.riken.jp/research/labs/cbs/integr_comput_brainsci_collab/neuroinf/index.html
脳神経科学研究センター,脳神経科学研究センター,数理情報学連携ユニット,https://www.riken.jp
脳神経科学研究センター,脳神経科学研究センター,コネクトミクス開発ユニット,https://www.riken.jp/research/labs/cbs/integr_comput_brainsci_collab/connect_anl/index.html
脳神経科学研究センター,脳神経科学研究センター,脳画像解析開発ユニット,https://www.riken.jp/research/labs/cbs/integr_comput_brainsci_collab/brain_img_anl/index.html
脳神経科学研究センター,脳神経科学研究センター,脳神経医科学連携部門,https://www.riken.jp
脳神経科学研究センター,脳神経科学研究センター,研究基盤開発部門,https://www.riken.jp/research/labs/cbs/res_resour/index.html
脳神経科学研究センター,脳神経科学研究センター,動物資源開発支援ユニット,https://www.riken.jp/research/labs/cbs/res_resour/anim_resour_dev/index.html
脳神経科学研究センター,脳神経科学研究センター,生体物質分析支援ユニット,https://www.riken.jp/research/labs/cbs/res_resour/biomater/index.html
脳神経科学研究センター,脳神経科学研究センター,機能的磁気共鳴画像測定支援ユニット,https://www.riken.jp/research/labs/cbs/res_resour/funct_magn_reson_img/index.html
脳神経科学研究センター,脳神経科学研究センター,理研CBS－オリンパス連携センター,https://www.riken.jp/research/labs/cbs/riken_olympus/index.html
脳神経科学研究センター,脳神経科学研究センター,理研CBS－トヨタ連携センター,https://www.riken.jp/research/labs/cbs/riken_toyota/index.html
脳神経科学研究センター,脳神経科学研究センター,脳リズム情報処理連携ユニット,https://www.riken.jp/research/labs/cbs/riken_toyota/rhy_brain_inf_process/index.html
脳神経科学研究センター,脳神経科学研究センター,知能行動制御連携ユニット,https://www.riken.jp/research/labs/cbs/riken_toyota/intell_behav_ctrl/index.html
脳神経科学研究センター,脳神経科学研究センター,社会価値意思決定連携ユニット,https://www.riken.jp/research/labs/cbs/riken_toyota/soc_val_decision_making_collab/index.html
脳神経科学研究センター,脳神経科学研究センター,戦略連携ユニット,https://www.riken.jp
脳神経科学研究センター,脳神経科学研究センター,理研CBS－花王連携センター,https://www.riken.jp/research/labs/cbs/riken_kao/index.html
環境資源科学研究センター,環境資源科学研究センター,機能開発研究グループ,https://www.riken.jp/research/labs/csrs/gene_discov/index.html
環境資源科学研究センター,環境資源科学研究センター,植物免疫研究グループ,https://www.riken.jp/research/labs/csrs/plant_immun/index.html
環境資源科学研究センター,環境資源科学研究センター,統合メタボロミクス研究グループ,https://www.riken.jp/research/labs/csrs/metabolom/index.html
環境資源科学研究センター,環境資源科学研究センター,先進機能触媒研究グループ,https://www.riken.jp/research/labs/csrs/adv_catal/index.html
環境資源科学研究センター,環境資源科学研究センター,触媒・融合研究グループ,https://www.riken.jp/research/labs/csrs/catal_integr_res/index.html
環境資源科学研究センター,環境資源科学研究センター,ケミカルバイオロジー研究グループ,https://www.riken.jp/research/labs/csrs/chem_biol/index.html
環境資源科学研究センター,環境資源科学研究センター,ケミカルゲノミクス研究グループ,https://www.riken.jp/research/labs/csrs/chem_genom/index.html
環境資源科学研究センター,環境資源科学研究センター,合成ゲノミクス研究グループ,https://www.riken.jp/research/labs/csrs/synth_gen/index.html
環境資源科学研究センター,環境資源科学研究センター,代謝システム研究チーム,https://www.riken.jp/research/labs/csrs/metab_system/index.html
環境資源科学研究センター,環境資源科学研究センター,メタボローム情報研究チーム,https://www.riken.jp/research/labs/csrs/metabolom_inf/index.html
環境資源科学研究センター,環境資源科学研究センター,環境代謝分析研究チーム,https://www.riken.jp/research/labs/csrs/env_metab/index.html
環境資源科学研究センター,環境資源科学研究センター,植物ゲノム発現研究チーム,https://www.riken.jp/research/labs/csrs/plant_genom_net/index.html
環境資源科学研究センター,環境資源科学研究センター,細胞機能研究チーム,https://www.riken.jp/research/labs/csrs/cell_funct/index.html
環境資源科学研究センター,環境資源科学研究センター,植物共生研究チーム,https://www.riken.jp/research/labs/csrs/plant_symb/index.html
環境資源科学研究センター,環境資源科学研究センター,機能有機合成化学研究チーム,https://www.riken.jp/research/labs/csrs/adv_org_synth_res/index.html
環境資源科学研究センター,環境資源科学研究センター,グリーンナノ触媒研究チーム,https://www.riken.jp/research/labs/csrs/green_nanocatal/index.html
環境資源科学研究センター,環境資源科学研究センター,生体機能触媒研究チーム,https://www.riken.jp/research/labs/csrs/biofunct_catal/index.html
環境資源科学研究センター,環境資源科学研究センター,分子リガンド標的研究チーム,https://www.riken.jp/research/labs/csrs/mol_ligand_targ/index.html
環境資源科学研究センター,環境資源科学研究センター,バイオ生産情報研究チーム,https://www.riken.jp/research/labs/csrs/cell_prod/index.html
環境資源科学研究センター,環境資源科学研究センター,バイオ高分子研究チーム,https://www.riken.jp/research/labs/csrs/enzyme/index.html
環境資源科学研究センター,環境資源科学研究センター,バイオプラスチック研究チーム,https://www.riken.jp/research/labs/csrs/bioplastic/index.html
環境資源科学研究センター,環境資源科学研究センター,細胞生産研究チーム,https://www.riken.jp/research/labs/csrs/cell_fact/index.html
環境資源科学研究センター,環境資源科学研究センター,分子生命制御研究チーム,https://www.riken.jp/research/labs/csrs/mol_bioreg/index.html
環境資源科学研究センター,環境資源科学研究センター,植物脂質研究チーム,https://www.riken.jp/research/labs/csrs/plant_lipid_res/index.html
環境資源科学研究センター,環境資源科学研究センター,適応制御研究ユニット,https://www.riken.jp/research/labs/csrs/dorm_adapt/index.html
環境資源科学研究センター,環境資源科学研究センター,環境応答研究ユニット,https://www.riken.jp/research/labs/csrs/reg_net/index.html
環境資源科学研究センター,環境資源科学研究センター,天然物生合成研究ユニット,https://www.riken.jp/research/labs/csrs/nat_prod_biosynth/index.html
環境資源科学研究センター,環境資源科学研究センター,理研-KRIBB連携研究ユニット,https://www.riken.jp/research/labs/csrs/riken_kribb/index.html
環境資源科学研究センター,環境資源科学研究センター,創薬・医療技術基盤連携部門,https://www.riken.jp/research/labs/csrs/drug_discov/index.html
環境資源科学研究センター,環境資源科学研究センター,創薬ケミカルバンク基盤ユニット,https://www.riken.jp/research/labs/csrs/drug_discov/chem_bank/index.html
環境資源科学研究センター,環境資源科学研究センター,創薬シード化合物探索基盤ユニット,https://www.riken.jp/research/labs/csrs/drug_discov/seed_compds/index.html
環境資源科学研究センター,環境資源科学研究センター,創薬化学基盤ユニット,https://www.riken.jp/research/labs/csrs/drug_discov/drug_discov_chem/index.html
環境資源科学研究センター,環境資源科学研究センター,技術基盤部門,https://www.riken.jp/research/labs/csrs/tech_plat/index.html
環境資源科学研究センター,環境資源科学研究センター,分子構造解析ユニット,https://www.riken.jp/research/labs/csrs/tech_plat/mol_struct_char/index.html
環境資源科学研究センター,環境資源科学研究センター,生命分子解析ユニット,https://www.riken.jp/research/labs/csrs/tech_plat/biomol_char/index.html
環境資源科学研究センター,環境資源科学研究センター,質量分析・顕微鏡解析ユニット,https://www.riken.jp/research/labs/csrs/tech_plat/mass_spec_microscopy/index.html
環境資源科学研究センター,環境資源科学研究センター,化合物リソース開発研究ユニット,https://www.riken.jp/research/labs/csrs/tech_plat/chem_resour_dev/index.html
環境資源科学研究センター,環境資源科学研究センター,理研-マックスプランク連携研究部門,https://www.riken.jp/research/labs/csrs/riken_max_planck/index.html
環境資源科学研究センター,環境資源科学研究センター,バイオプローブ研究グループ,https://www.riken.jp/research/labs/csrs/riken_max_planck/bioprobe_res/index.html
環境資源科学研究センター,環境資源科学研究センター,バイオプローブ応用研究ユニット,https://www.riken.jp/research/labs/csrs/riken_max_planck/bioprobe_app/index.html
創発物性科学研究センター,創発物性科学研究センター,強相関物性研究グループ,https://www.riken.jp/research/labs/cems/str_correl_phys/index.html
創発物性科学研究センター,創発物性科学研究センター,強相関理論研究グループ,https://www.riken.jp/research/labs/cems/str_correl_theor/index.html
創発物性科学研究センター,創発物性科学研究センター,強相関界面研究グループ,https://www.riken.jp/research/labs/cems/str_correl_interface/index.html
創発物性科学研究センター,創発物性科学研究センター,強相関物質研究グループ,https://www.riken.jp/research/labs/cems/str_correl_mater/index.html
創発物性科学研究センター,創発物性科学研究センター,強相関量子伝導研究チーム,https://www.riken.jp/research/labs/cems/str_correl_qtm_transp/index.html
創発物性科学研究センター,創発物性科学研究センター,強相関量子構造研究チーム,https://www.riken.jp/research/labs/cems/str_correl_qtm_struct/index.html
創発物性科学研究センター,創発物性科学研究センター,創発物性計測研究チーム,https://www.riken.jp/research/labs/cems/emerg_phenom_meas/index.html
創発物性科学研究センター,創発物性科学研究センター,量子物性理論研究チーム,https://www.riken.jp/research/labs/cems/qtm_matter_theor/index.html
創発物性科学研究センター,創発物性科学研究センター,計算量子物性研究チーム,https://www.riken.jp/research/labs/cems/comput_qtm_matter/index.html
創発物性科学研究センター,創発物性科学研究センター,計算物質科学研究チーム,https://www.riken.jp/research/labs/cems/first_prin_mater/index.html
創発物性科学研究センター,創発物性科学研究センター,電子状態スペクトロスコピー研究チーム,https://www.riken.jp/research/labs/cems/electron_states_spectro/index.html
創発物性科学研究センター,創発物性科学研究センター,強相関スピン研究チーム,https://www.riken.jp/research/labs/cems/str_correl_spin/index.html
創発物性科学研究センター,創発物性科学研究センター,電子状態マイクロスコピー研究チーム,https://www.riken.jp/research/labs/cems/electron_states_microscopy/index.html
創発物性科学研究センター,創発物性科学研究センター,創発光物性研究チーム,https://www.riken.jp/research/labs/cems/emerg_photodyn/index.html
創発物性科学研究センター,創発物性科学研究センター,創発ソフトマター機能研究グループ,https://www.riken.jp/research/labs/cems/emerg_soft_matter_funct/index.html
創発物性科学研究センター,創発物性科学研究センター,創発分子機能研究チーム,https://www.riken.jp/research/labs/cems/emerg_mol_funct/index.html
創発物性科学研究センター,創発物性科学研究センター,創発生体関連ソフトマター研究チーム,https://www.riken.jp/research/labs/cems/emerg_bioinsp_soft_matter/index.html
創発物性科学研究センター,創発物性科学研究センター,創発デバイス研究チーム,https://www.riken.jp/research/labs/cems/emerg_device/index.html
創発物性科学研究センター,創発物性科学研究センター,創発ソフトシステム研究チーム,https://www.riken.jp/research/labs/cems/emerg_soft_matter_struct/index.html
創発物性科学研究センター,創発物性科学研究センター,創発機能高分子研究チーム,https://www.riken.jp/research/labs/cems/emerg_funct_polym/index.html
創発物性科学研究センター,創発物性科学研究センター,創発生体工学材料研究チーム,https://www.riken.jp/research/labs/cems/emerg_bioeng_mater/index.html
創発物性科学研究センター,創発物性科学研究センター,創発超分子材料研究チーム,https://www.riken.jp/research/labs/cems/emerg_supramol_mater/index.html
創発物性科学研究センター,創発物性科学研究センター,ソフトマター物性研究チーム,https://www.riken.jp/research/labs/cems/phys_soft_matter_unit/index.html
創発物性科学研究センター,創発物性科学研究センター,物質評価支援チーム,https://www.riken.jp/research/labs/cems/mater_char_support/index.html
創発物性科学研究センター,創発物性科学研究センター,量子機能システム研究グループ,https://www.riken.jp/research/labs/cems/qtm_funct_sys/index.html
創発物性科学研究センター,創発物性科学研究センター,量子凝縮体研究チーム,https://www.riken.jp/research/labs/cems/qtm_condens/index.html
創発物性科学研究センター,創発物性科学研究センター,創発現象観測技術研究チーム,https://www.riken.jp/research/labs/cems/emerg_phenom_obs_tech/index.html
創発物性科学研究センター,創発物性科学研究センター,量子ナノ磁性研究チーム,https://www.riken.jp/research/labs/cems/qtm_nanoscale_magn/index.html
創発物性科学研究センター,創発物性科学研究センター,量子システム理論研究チーム,https://www.riken.jp/research/labs/cems/qtm_sys_theor/index.html
創発物性科学研究センター,創発物性科学研究センター,スピン物性理論研究チーム,https://www.riken.jp/research/labs/cems/spin_phys_theor/index.html
創発物性科学研究センター,創発物性科学研究センター,創発物性科学研究支援チーム,https://www.riken.jp/research/labs/cems/emerg_matter_support/index.html
創発物性科学研究センター,創発物性科学研究センター,量子効果デバイス研究チーム,https://www.riken.jp/research/labs/cems/qtm_eff_device/index.html
創発物性科学研究センター,創発物性科学研究センター,量子電子デバイス研究チーム,https://www.riken.jp/research/labs/cems/qtm_electron_device/index.html
創発物性科学研究センター,創発物性科学研究センター,統合物性科学研究プログラム,https://www.riken.jp/research/labs/cems/crossdiv_mater/index.html
創発物性科学研究センター,創発物性科学研究センター,動的創発物性研究ユニット,https://www.riken.jp/research/labs/cems/crossdiv_mater/dyn_emerg_phenom_unit/index.html
創発物性科学研究センター,創発物性科学研究センター,情報変換ソフトマター研究ユニット,https://www.riken.jp
創発物性科学研究センター,創発物性科学研究センター,創発分子集積研究ユニット,https://www.riken.jp/research/labs/cems/crossdiv_mater_mol_assembl_res/index.html
創発物性科学研究センター,創発物性科学研究センター,計算物質機能研究ユニット,https://www.riken.jp/research/labs/cems/crossdiv_mater/comput_mater_funct/index.html
創発物性科学研究センター,創発物性科学研究センター,低次元輸送現象研究ユニット,https://www.riken.jp
創発物性科学研究センター,創発物性科学研究センター,トポロジカル量子現象研究ユニット,https://www.riken.jp
創発物性科学研究センター,創発物性科学研究センター,創発分光学研究ユニット,https://www.riken.jp/research/labs/cems/crossdiv_mater/emerg_spectro/index.html
創発物性科学研究センター,創発物性科学研究センター,創発機能界面研究ユニット,https://www.riken.jp/research/labs/cems/crossdiv_mater/emerg_funct_interface/index.html
創発物性科学研究センター,創発物性科学研究センター,トポロジカル量子物質研究ユニット,https://www.riken.jp/research/labs/cems/crossdiv_mater/topology_qtm_matter/index.html
創発物性科学研究センター,創発物性科学研究センター,トポロジカル材料設計研究ユニット,https://www.riken.jp/research/labs/cems/crossdiv_mater/topology_matter_des/index.html
量子コンピュータ研究センター,量子コンピュータ研究センター,超伝導量子エレクトロニクス研究チーム,https://www.riken.jp/research/labs/rqc/superconduct_qtm_electron/index.html
量子コンピュータ研究センター,量子コンピュータ研究センター,超伝導量子シミュレーション研究チーム,https://www.riken.jp/research/labs/rqc/superconduct_qtm_sim/index.html
量子コンピュータ研究センター,量子コンピュータ研究センター,超伝導量子エレクトロニクス連携研究ユニット,https://www.riken.jp/research/labs/rqc/superconduct_qtm_electron_joint/index.html
量子コンピュータ研究センター,量子コンピュータ研究センター,超伝導量子計算システム研究ユニット,https://www.riken.jp/research/labs/rqc/superconduct_qtm_comput_sys/index.html
量子コンピュータ研究センター,量子コンピュータ研究センター,ハイブリッド量子回路研究チーム,https://www.riken.jp/research/labs/rqc/hybrid_qtm_circ/index.html
量子コンピュータ研究センター,量子コンピュータ研究センター,光量子計算研究チーム,https://www.riken.jp/research/labs/rqc/opt_qtm_comput_res/index.html
量子コンピュータ研究センター,量子コンピュータ研究センター,量子多体ダイナミクス研究ユニット,https://www.riken.jp/research/labs/rqc/qtm_mbody_dyn/index.html
量子コンピュータ研究センター,量子コンピュータ研究センター,浮揚電子量子情報理研白眉研究チーム,https://www.riken.jp/research/labs/rqc/floatelectron_based_qtm_inf_riken_hakubi/index.html
量子コンピュータ研究センター,量子コンピュータ研究センター,半導体量子情報デバイス研究チーム,https://www.riken.jp/research/labs/rqc/semiconductor_qtm_inf_device/index.html
量子コンピュータ研究センター,量子コンピュータ研究センター,半導体量子情報デバイス理論研究チーム,https://www.riken.jp/research/labs/rqc/semiconductor_qtm_inf_device_theor/index.html
量子コンピュータ研究センター,量子コンピュータ研究センター,量子計算理論研究チーム,https://www.riken.jp/research/labs/rqc/qtm_comput_theor/index.html
量子コンピュータ研究センター,量子コンピュータ研究センター,量子情報物理理論研究チーム,https://www.riken.jp/research/labs/rqc/qtm_inf_phys_theor_res/index.html
量子コンピュータ研究センター,量子コンピュータ研究センター,量子計算科学研究チーム,https://www.riken.jp/research/labs/rqc/qtm_comput_sci_res/index.html
量子コンピュータ研究センター,量子コンピュータ研究センター,理研RQC-富士通連携センター,https://www.riken.jp/research/labs/rqc/riken_fujitsu/index.html
光量子工学研究センター,光量子工学研究センター,アト秒科学研究チーム,https://www.riken.jp/research/labs/rap/attosec_sci/index.html
光量子工学研究センター,光量子工学研究センター,超高速分子計測研究チーム,https://www.riken.jp/research/labs/rap/ultrafast_spectro/index.html
光量子工学研究センター,光量子工学研究センター,時空間エンジニアリング研究チーム,https://www.riken.jp/research/labs/rap/spacetime_eng/index.html
光量子工学研究センター,光量子工学研究センター,量子オプトエレクトロニクス研究チーム,https://www.riken.jp/research/labs/rap/qtm_optoelectron/index.html
光量子工学研究センター,光量子工学研究センター,生細胞超解像イメージング研究チーム,https://www.riken.jp/research/labs/rap/live_cell_superresolution_img/index.html
光量子工学研究センター,光量子工学研究センター,生命光学技術研究チーム,https://www.riken.jp/research/labs/rap/biotech_opt/index.html
光量子工学研究センター,光量子工学研究センター,画像情報処理研究チーム,https://www.riken.jp/research/labs/rap/img_process/index.html
光量子工学研究センター,光量子工学研究センター,フォトン操作機能研究チーム,https://www.riken.jp/research/labs/rap/innov_photon_manipulation/index.html
光量子工学研究センター,光量子工学研究センター,先端レーザー加工研究チーム,https://www.riken.jp/research/labs/rap/adv_laser_process/index.html
光量子工学研究センター,光量子工学研究センター,テラヘルツイメージング研究チーム,https://www.riken.jp/research/labs/rap/thz_sens_imag/index.html
光量子工学研究センター,光量子工学研究センター,テラヘルツ光源研究チーム,https://www.riken.jp/research/labs/rap/teraphoton/index.html
光量子工学研究センター,光量子工学研究センター,テラヘルツ量子素子研究チーム,https://www.riken.jp/research/labs/rap/thz_qtm_device/index.html
光量子工学研究センター,光量子工学研究センター,光量子制御技術開発チーム,https://www.riken.jp/research/labs/rap/photon_ctrl/index.html
光量子工学研究センター,光量子工学研究センター,先端光学素子開発チーム,https://www.riken.jp/research/labs/rap/ultrahigh_precis_opt/index.html
光量子工学研究センター,光量子工学研究センター,中性子ビーム技術開発チーム,https://www.riken.jp/research/labs/rap/neutr_beam/index.html
光量子工学研究センター,光量子工学研究センター,技術基盤支援チーム,https://www.riken.jp/research/labs/rap/adv_manuf_support/index.html
仁科加速器科学研究センター,仁科加速器科学研究センター,量子ハドロン物理学研究室,https://www.riken.jp/research/labs/rnc/qtm_had_phys/index.html
仁科加速器科学研究センター,仁科加速器科学研究センター,ストレンジネス核物理研究室,https://www.riken.jp/research/labs/rnc/strang_nucl_phys/index.html
仁科加速器科学研究センター,仁科加速器科学研究センター,放射線研究室,https://www.riken.jp/research/labs/rnc/rad/index.html
仁科加速器科学研究センター,仁科加速器科学研究センター,中間子科学研究室,https://www.riken.jp/research/labs/rnc/adv_mes/index.html
仁科加速器科学研究センター,仁科加速器科学研究センター,RI物理研究室,https://www.riken.jp/research/labs/rnc/rad_isot/index.html
仁科加速器科学研究センター,仁科加速器科学研究センター,スピン・アイソスピン研究室,https://www.riken.jp/research/labs/rnc/spin_isospin/index.html
仁科加速器科学研究センター,仁科加速器科学研究センター,核分光研究室,https://www.riken.jp/research/labs/rnc/nucl_spectro/index.html
仁科加速器科学研究センター,仁科加速器科学研究センター,高エネルギー宇宙物理研究室,https://www.riken.jp/research/labs/rnc/high_ener_astro/index.html
仁科加速器科学研究センター,仁科加速器科学研究センター,加速器基盤研究部,https://www.riken.jp/research/labs/rnc/accel/index.html
仁科加速器科学研究センター,仁科加速器科学研究センター,加速器高度化チーム,https://www.riken.jp/research/labs/rnc/accel/rnd/index.html
仁科加速器科学研究センター,仁科加速器科学研究センター,イオン源開発チーム,https://www.riken.jp/research/labs/rnc/accel/ion_src/index.html
仁科加速器科学研究センター,仁科加速器科学研究センター,リニアックチーム,https://www.riken.jp/research/labs/rnc/accel/rilac/index.html
仁科加速器科学研究センター,仁科加速器科学研究センター,サイクロトロンチーム,https://www.riken.jp/research/labs/rnc/accel/cyclo/index.html
仁科加速器科学研究センター,仁科加速器科学研究センター,運転技術チーム,https://www.riken.jp/research/labs/rnc/accel/beam_dyn_diagn/index.html
仁科加速器科学研究センター,仁科加速器科学研究センター,低温技術チーム,https://www.riken.jp/research/labs/rnc/accel/cryogen/index.html
仁科加速器科学研究センター,仁科加速器科学研究センター,加速器施設業務チーム,https://www.riken.jp/research/labs/rnc/accel/infrastruct/index.html
仁科加速器科学研究センター,仁科加速器科学研究センター,超重元素研究開発部,https://www.riken.jp/research/labs/rnc/superhvy_elem/index.html
仁科加速器科学研究センター,仁科加速器科学研究センター,超重元素合成研究チーム,https://www.riken.jp/research/labs/rnc/superhvy_elem/superhvy_elem_prod/index.html
仁科加速器科学研究センター,仁科加速器科学研究センター,超重元素分析装置開発チーム,https://www.riken.jp/research/labs/rnc/superhvy_elem/superhvy_elem_dev/index.html
仁科加速器科学研究センター,仁科加速器科学研究センター,雪氷宇宙科学研究開発室,https://www.riken.jp/research/labs/rnc/astro_glaciol/index.html
仁科加速器科学研究センター,仁科加速器科学研究センター,核変換データ研究開発室,https://www.riken.jp/research/labs/rnc/nucl_transm_data/index.html
仁科加速器科学研究センター,仁科加速器科学研究センター,高速RIデータチーム,https://www.riken.jp/research/labs/rnc/nucl_transm_data/fast_ri_data/index.html
仁科加速器科学研究センター,仁科加速器科学研究センター,低速RIデータチーム,https://www.riken.jp/research/labs/rnc/nucl_transm_data/slow_ri_data/index.html
仁科加速器科学研究センター,仁科加速器科学研究センター,ミューオンデータチーム,https://www.riken.jp/research/labs/rnc/nucl_transm_data/muon_data/index.html
仁科加速器科学研究センター,仁科加速器科学研究センター,大強度加速技術開発室,https://www.riken.jp/research/labs/rnc/high_intense_accel/index.html
仁科加速器科学研究センター,仁科加速器科学研究センター,高効率加速空洞開発チーム,https://www.riken.jp/research/labs/rnc/high_intense_accel/high_gradient_cave/index.html
仁科加速器科学研究センター,仁科加速器科学研究センター,大強度標的開発チーム,https://www.riken.jp/research/labs/rnc/high_intense_accel/high_power_targ/index.html
仁科加速器科学研究センター,仁科加速器科学研究センター,実験装置開発室,https://www.riken.jp/research/labs/rnc/instrum_dev/index.html
仁科加速器科学研究センター,仁科加速器科学研究センター,低速RIビーム生成装置開発チーム,https://www.riken.jp
仁科加速器科学研究センター,仁科加速器科学研究センター,短寿命核質量測定装置開発チーム,https://www.riken.jp/research/labs/rnc/instrum_dev/rare_ri_ring/index.html
仁科加速器科学研究センター,仁科加速器科学研究センター,RI・電子散乱装置開発チーム,https://www.riken.jp/research/labs/rnc/instrum_dev/scrit/index.html
仁科加速器科学研究センター,仁科加速器科学研究センター,実験装置運転・維持管理室,https://www.riken.jp/research/labs/rnc/res_instrum/index.html
仁科加速器科学研究センター,仁科加速器科学研究センター,RIビーム分離生成装置チーム,https://www.riken.jp/research/labs/rnc/res_instrum/bigrips/index.html
仁科加速器科学研究センター,仁科加速器科学研究センター,多種粒子測定装置開発チーム,https://www.riken.jp/research/labs/rnc/res_instrum/samurai/index.html
仁科加速器科学研究センター,仁科加速器科学研究センター,情報処理技術チーム,https://www.riken.jp/research/labs/rnc/res_instrum/comput_net/index.html
仁科加速器科学研究センター,仁科加速器科学研究センター,計測技術チーム,https://www.riken.jp/research/labs/rnc/res_instrum/detect/index.html
仁科加速器科学研究センター,仁科加速器科学研究センター,イオン育種研究開発室,https://www.riken.jp/research/labs/rnc/accel_app/index.html
仁科加速器科学研究センター,仁科加速器科学研究センター,生物照射チーム,https://www.riken.jp/research/labs/rnc/accel_app/rad_biol/index.html
仁科加速器科学研究センター,仁科加速器科学研究センター,植物ゲノム進化研究チーム,https://www.riken.jp/research/labs/rnc/accel_app/mutant_genom/index.html
仁科加速器科学研究センター,仁科加速器科学研究センター,RI応用研究開発室,https://www.riken.jp/research/labs/rnc/ri_app/index.html
仁科加速器科学研究センター,仁科加速器科学研究センター,核化学研究チーム,https://www.riken.jp/research/labs/rnc/ri_app/ri_app/index.html
仁科加速器科学研究センター,仁科加速器科学研究センター,産業利用開発チーム,https://www.riken.jp/research/labs/rnc/ri_app/coop/index.html
仁科加速器科学研究センター,仁科加速器科学研究センター,安全業務室,https://www.riken.jp/research/labs/rnc/saf_manage/index.html
仁科加速器科学研究センター,仁科加速器科学研究センター,共用促進室,https://www.riken.jp/research/labs/rnc/liason/index.html
仁科加速器科学研究センター,仁科加速器科学研究センター,共用促進チーム,https://www.riken.jp/research/labs/rnc/liason/support/index.html
仁科加速器科学研究センター,仁科加速器科学研究センター,アウトリーチチーム,https://www.riken.jp/research/labs/rnc/liason/outreach/index.html
仁科加速器科学研究センター,仁科加速器科学研究センター,理研BNL研究センター,https://www.riken.jp/research/labs/rnc/riken_bnl/index.html
仁科加速器科学研究センター,仁科加速器科学研究センター,理論研究グループ,https://www.riken.jp/research/labs/rnc/riken_bnl/theor/index.html
仁科加速器科学研究センター,仁科加速器科学研究センター,実験研究グループ,https://www.riken.jp/research/labs/rnc/riken_bnl/exp/index.html
仁科加速器科学研究センター,仁科加速器科学研究センター,計算物理研究グループ,https://www.riken.jp/research/labs/rnc/riken_bnl/comput/index.html
仁科加速器科学研究センター,仁科加速器科学研究センター,RAL支所,https://www.riken.jp/research/labs/rnc/ral_office/index.html
計算科学研究センター,計算科学研究センター,プログラミング環境研究チーム,https://www.riken.jp/research/labs/r-ccs/program_env/index.html
計算科学研究センター,計算科学研究センター,プロセッサ研究チーム,https://www.riken.jp/research/labs/r-ccs/processor/index.html
計算科学研究センター,計算科学研究センター,大規模並列数値計算技術研究チーム,https://www.riken.jp/research/labs/r-ccs/par_numer_comput_tech/index.html
計算科学研究センター,計算科学研究センター,連続系場の理論研究チーム,https://www.riken.jp/research/labs/r-ccs/field_theor/index.html
計算科学研究センター,計算科学研究センター,離散事象シミュレーション研究チーム,https://www.riken.jp/research/labs/r-ccs/discr_evt_sim/index.html
計算科学研究センター,計算科学研究センター,量子系分子科学研究チーム,https://www.riken.jp/research/labs/r-ccs/comput_mol_sci/index.html
計算科学研究センター,計算科学研究センター,量子系物質科学研究チーム,https://www.riken.jp/research/labs/r-ccs/comput_mater_sci/index.html
計算科学研究センター,計算科学研究センター,粒子系生物物理研究チーム,https://www.riken.jp/research/labs/r-ccs/comput_biophys/index.html
計算科学研究センター,計算科学研究センター,粒子系シミュレータ研究チーム,https://www.riken.jp/research/labs/r-ccs/part_sim/index.html
計算科学研究センター,計算科学研究センター,複合系気候科学研究チーム,https://www.riken.jp/research/labs/r-ccs/comput_clim_sci/index.html
計算科学研究センター,計算科学研究センター,複雑現象統一的解法研究チーム,https://www.riken.jp/research/labs/r-ccs/compl_phenom_uni_sim/index.html
計算科学研究センター,計算科学研究センター,次世代高性能アーキテクチャ研究チーム,https://www.riken.jp/research/labs/r-ccs/nextgen_high_perf_arch/index.html
計算科学研究センター,計算科学研究センター,高性能ビッグデータ研究チーム,https://www.riken.jp/research/labs/r-ccs/high_perf_big_data/index.html
計算科学研究センター,計算科学研究センター,データ同化研究チーム,https://www.riken.jp/research/labs/r-ccs/data_assim/index.html
計算科学研究センター,計算科学研究センター,総合防災・減災研究チーム,https://www.riken.jp/research/labs/r-ccs/comput_disaster_mit_red/index.html
計算科学研究センター,計算科学研究センター,計算構造生物学研究チーム,https://www.riken.jp/research/labs/r-ccs/comput_struct_biol/index.html
計算科学研究センター,計算科学研究センター,高性能人工知能システム研究チーム,https://www.riken.jp/research/labs/r-ccs/high_perf_ai_sys/index.html
計算科学研究センター,計算科学研究センター,運用技術部門,https://www.riken.jp/research/labs/r-ccs/ops_comput/index.html
計算科学研究センター,計算科学研究センター,施設運転技術ユニット,https://www.riken.jp/research/labs/r-ccs/ops_comput/fac_ops_dev/index.html
計算科学研究センター,計算科学研究センター,システム運転技術ユニット,https://www.riken.jp/research/labs/r-ccs/ops_comput/sys_ops_dev/index.html
計算科学研究センター,計算科学研究センター,ソフトウェア開発技術ユニット,https://www.riken.jp/research/labs/r-ccs/ops_comput/sw_dev_tech/index.html
計算科学研究センター,計算科学研究センター,利用環境技術ユニット,https://www.riken.jp/research/labs/r-ccs/ops_comput/hpc_usability_dev/index.html
計算科学研究センター,計算科学研究センター,先端運用技術ユニット,https://www.riken.jp/research/labs/r-ccs/ops_comput/adv_op_tech/index.html
計算科学研究センター,計算科学研究センター,HPC/AI駆動型医薬プラットフォーム部門,https://www.riken.jp/research/labs/r-ccs/hpc_ai_drive_drug_dev_plat/index.html
計算科学研究センター,計算科学研究センター,バイオメディカル計算知能ユニット,https://www.riken.jp/research/labs/r-ccs/hpc_ai_drive_drug_dev_plat/biomed_comput_intell/index.html
計算科学研究センター,計算科学研究センター,創薬化学AIアプリケーションユニット,https://www.riken.jp/research/labs/r-ccs/hpc_ai_drive_drug_dev_plat/med_chem_intell_appl_ai/index.html
計算科学研究センター,計算科学研究センター,分⼦デザイン計算知能ユニット,https://www.riken.jp/research/labs/r-ccs/hpc_ai_drive_drug_dev_plat/mol_des_comput_intell/index.html
計算科学研究センター,計算科学研究センター,AI創薬連携基盤ユニット,https://www.riken.jp/research/labs/r-ccs/hpc_ai_drive_drug_dev_plat/ai_drug_discov_collab/index.html
放射光科学研究センター,放射光科学研究センター,先端光源開発研究部門,https://www.riken.jp/research/labs/rsc/innov_light_src/index.html
放射光科学研究センター,放射光科学研究センター,次世代X線レーザー研究グループ,https://www.riken.jp/research/labs/rsc/innov_light_src/adv_xray_laser/index.html
放射光科学研究センター,放射光科学研究センター,制御情報グループ,https://www.riken.jp/research/labs/rsc/innov_light_src/ctrl_sys_inf/index.html
放射光科学研究センター,放射光科学研究センター,次世代検出器開発チーム,https://www.riken.jp
放射光科学研究センター,放射光科学研究センター,ビームライン制御解析チーム,https://www.riken.jp
放射光科学研究センター,放射光科学研究センター,回折限界光源設計検討グループ,https://www.riken.jp/research/labs/rsc/innov_light_src/diff_lim_synchro_rad/index.html
放射光科学研究センター,放射光科学研究センター,レーザー駆動電子加速技術開発グループ,https://www.riken.jp/research/labs/rsc/innov_light_src/laser_drive_electron_accel_tech/index.html
放射光科学研究センター,放射光科学研究センター,レーザー加速開発チーム,https://www.riken.jp/research/labs/rsc/innov_light_src/laser_drive_electron_accel_tech/laser_accel_dev/index.html
放射光科学研究センター,放射光科学研究センター,基盤開発チーム,https://www.riken.jp/research/labs/rsc/innov_light_src/laser_drive_electron_accel_tech/bas_laser_dev/index.html
放射光科学研究センター,放射光科学研究センター,利用技術開拓研究部門,https://www.riken.jp/research/labs/rsc/photon_sci/index.html
放射光科学研究センター,放射光科学研究センター,物質ダイナミクス研究グループ,https://www.riken.jp/research/labs/rsc/photon_sci/mater_dyn/index.html
放射光科学研究センター,放射光科学研究センター,生体機構研究グループ,https://www.riken.jp/research/labs/rsc/photon_sci/biostruct_mech/index.html
放射光科学研究センター,放射光科学研究センター,SACLA利用技術開拓グループ,https://www.riken.jp/research/labs/rsc/photon_sci/sacla_sci/index.html
放射光科学研究センター,放射光科学研究センター,分子動画研究チーム,https://www.riken.jp
放射光科学研究センター,放射光科学研究センター,法科学研究グループ,https://www.riken.jp/research/labs/rsc/photon_sci/forensic_sci/index.html
放射光科学研究センター,放射光科学研究センター,利用システム開発研究部門,https://www.riken.jp/research/labs/rsc/adv_photon/index.html
放射光科学研究センター,放射光科学研究センター,生物系ビームライン基盤グループ,https://www.riken.jp/research/labs/rsc/adv_photon/life_sci_res_infrastruct/index.html
放射光科学研究センター,放射光科学研究センター,生命系放射光利用システム開発チーム,https://www.riken.jp/research/labs/rsc/adv_photon/life_sci_res_infrastruct/sr_life_sci/index.html
放射光科学研究センター,放射光科学研究センター,物理・化学系ビームライン基盤グループ,https://www.riken.jp/research/labs/rsc/adv_photon/phys_chem_res_infrastruct/index.html
放射光科学研究センター,放射光科学研究センター,物質系放射光利用システム開発チーム,https://www.riken.jp/research/labs/rsc/adv_photon/phys_chem_res_infrastruct/sr_mater_sci/index.html
放射光科学研究センター,放射光科学研究センター,軟X線分光利用システム開発チーム,https://www.riken.jp/research/labs/rsc/adv_photon/phys_chem_res_infrastruct/soft_xray_spectro/index.html
放射光科学研究センター,放射光科学研究センター,放射光イメージング利用システム開発チーム,https://www.riken.jp/research/labs/rsc/adv_photon/phys_chem_res_infrastruct/sr_img/index.html
放射光科学研究センター,放射光科学研究センター,XFEL研究開発部門,https://www.riken.jp/research/labs/rsc/xfel/index.html
放射光科学研究センター,放射光科学研究センター,加速器研究開発グループ,https://www.riken.jp/research/labs/rsc/xfel/accel/index.html
放射光科学研究センター,放射光科学研究センター,基盤光源チーム,https://www.riken.jp/research/labs/rsc/xfel/accel/dev/index.html
放射光科学研究センター,放射光科学研究センター,先端ビームチーム,https://www.riken.jp/research/labs/rsc/xfel/accel/beam_dyn/index.html
放射光科学研究センター,放射光科学研究センター,光源物理チーム,https://www.riken.jp/research/labs/rsc/xfel/accel/fel_phys/index.html
放射光科学研究センター,放射光科学研究センター,ビームライン研究開発グループ,https://www.riken.jp/research/labs/rsc/xfel/beam_line/index.html
放射光科学研究センター,放射光科学研究センター,ビームライン開発チーム,https://www.riken.jp/research/labs/rsc/xfel/beam_line/dev/index.html
放射光科学研究センター,放射光科学研究センター,データ処理系開発チーム,https://www.riken.jp/research/labs/rsc/xfel/beam_line/data/index.html
放射光科学研究センター,放射光科学研究センター,イメージング開発チーム,https://www.riken.jp/research/labs/rsc/xfel/beam_line/img/index.html
放射光科学研究センター,放射光科学研究センター,理論支援チーム,https://www.riken.jp/research/labs/rsc/xfel/beam_line/theor/index.html
放射光科学研究センター,放射光科学研究センター,放射線評価グループ,https://www.riken.jp/research/labs/rsc/xfel/saf_des/index.html
放射光科学研究センター,放射光科学研究センター,エンジニアリング部門,https://www.riken.jp/research/labs/rsc/eng/index.html
放射光科学研究センター,放射光科学研究センター,エンジニアリングチーム,https://www.riken.jp/research/labs/rsc/eng/eng/index.html
放射光科学研究センター,放射光科学研究センター,理研RSC-リガク連携センター,https://www.riken.jp/research/labs/rsc/rsc_rigaku/index.html
放射光科学研究センター,放射光科学研究センター,検出器開発チーム,https://www.riken.jp/research/labs/rsc/rsc_rigaku/detect/index.html
放射光科学研究センター,放射光科学研究センター,放射光機器開発チーム,https://www.riken.jp/research/labs/rsc/rsc_rigaku/instrum/index.html
放射光科学研究センター,放射光科学研究センター,イメージングシステム開発チーム,https://www.riken.jp/research/labs/rsc/rsc_rigaku/img_sys_dev/index.html
バイオリソース研究センター,バイオリソース研究センター,実験動物開発室,https://www.riken.jp/research/labs/brc/exp_anim/index.html
バイオリソース研究センター,バイオリソース研究センター,実験植物開発室,https://www.riken.jp/research/labs/brc/exp_plant/index.html
バイオリソース研究センター,バイオリソース研究センター,細胞材料開発室,https://www.riken.jp/research/labs/brc/cell_eng/index.html
バイオリソース研究センター,バイオリソース研究センター,遺伝子材料開発室,https://www.riken.jp/research/labs/brc/gene_eng/index.html
バイオリソース研究センター,バイオリソース研究センター,微生物材料開発室,https://www.riken.jp/research/labs/brc/microb/index.html
バイオリソース研究センター,バイオリソース研究センター,統合情報開発室,https://www.riken.jp/research/labs/brc/integr_bioresour_inf_div/index.html
バイオリソース研究センター,バイオリソース研究センター,遺伝工学基盤技術室,https://www.riken.jp/research/labs/brc/bioresour_eng/index.html
バイオリソース研究センター,バイオリソース研究センター,疾患ゲノム動態解析技術開発チーム,https://www.riken.jp/research/labs/brc/mammal_genom_dyn/index.html
バイオリソース研究センター,バイオリソース研究センター,マウス表現型解析開発チーム,https://www.riken.jp/research/labs/brc/mouse_phen_anl/index.html
バイオリソース研究センター,バイオリソース研究センター,iPS創薬基盤開発チーム,https://www.riken.jp/research/labs/brc/drugdiscov_cell_basis_dev/index.html
バイオリソース研究センター,バイオリソース研究センター,iPS細胞高次特性解析開発チーム,https://www.riken.jp/research/labs/brc/ips_cell_adv_char_dev/index.html
バイオリソース研究センター,バイオリソース研究センター,次世代ヒト疾患モデル研究開発チーム,https://www.riken.jp/research/labs/brc/next_gen_hum_dis_model/index.html
バイオリソース研究センター,バイオリソース研究センター,植物-微生物共生研究開発チーム,https://www.riken.jp/research/labs/brc/plantmicrob_symbiosis_dev/index.html
バイオリソース研究センター,バイオリソース研究センター,バイオリソース品質管理支援ユニット,https://www.riken.jp/research/labs/brc/qual_manage/index.html
バイオリソース研究センター,バイオリソース研究センター,創薬iPS細胞研究基盤ユニット,https://www.riken.jp/research/labs/brc/ips_drug_discov/index.html
